PB_ratio,Market_Cap,Debt_to_Equity,Z_score,Quick_Ratio,Total_Asset_Growth,Net_Debt,Operating_Profitability
1.557709511,2069732280,0.53,1.150079898,0.7452,-0.13,578276000,819493000
4.775655497,2063733056,2.43,0.040388055,0.4166,-0.22,2686843000,136982000
2.36590185,2951618208,2.60,0.168691379,0.44666,-0.02,5894376000,-289209000
2.010891977,2423686496,2.33,0.195166755,0.43966,-0.01,6104871000,-557987000
1.674217539,2249709000,1.96,0.469774233,0.54968,0.02,6274423000,-302813000
1.495637427,3881497928,1.78,0.818038627,0.61488,0.09,6470026000,251115000
1.496548497,9100822808,1.81,1.011236511,0.607,0.14,6496218000,250564000
1.528802391,6773123896,1.28,1.015751863,0.53938,0.04,4484503000,140673000
1.480139482,6299185200,1.00,0.815388522,0.46356,0.08,3539080000,115055790
1.439739474,4679394720,0.79,0.631612871,0.60447,0.10,2668635380,93160220
5.459675539,27197000061,0.192352636,2.395237341,0.51823,0.092702868,-2340700000,870900000
5.658533895,14001767143,0.24212189,1.88517272,0.43437,0.181127075,-1189900000,232662000
5.840427422,17543149769,0.236468127,1.75014483,0.50192,0.391841337,-253300000,-139300000
5.725686544,11668139286,0.090211644,2.746602381,0.94394,0.142176053,-1238700000,-52100000
5.733475866,10439914098,0.165010603,2.293422038,1.35242,-0.01609506,-214600000,-193900000
5.498507566,12405074399,0.208324273,3.567859681,1.75416,-0.032649019,-209900000,289900000
5.613533998,19144960118,0.180075478,3.725650567,1.20731,0.009464575,-553600000,494300000
5.948562533,13658887612,0.122782498,4.635849816,1.13935,0.031398169,-1364200000,853900000
6.60782741,17543149769,0.103910477,3.495837532,1.07218,0.024176376,-1926200000,1337500000
7.177504075,18498295270,0.06705307,3.949644817,0.89564,0.885423309,-2579400000,304806850
0.384448555,6702719050,0.000810626,11.69438302,29.8933,-0.000280112,-4770995000,-242855000
0.388396747,6814905255,0.001881129,7.292690408,18.32543,0.002651374,-1112066000,-173662000
0.388296296,8243574004,0.002851223,8.99471864,11.16061,0.015400276,-902818000,-192268000
0.395721381,4096106086,0.002178991,6.592373923,19.78465,0.022965658,-832602000,-140449000
0.40408387,2388325179,0.003174992,3.817765968,18.25609,0.033332115,-7738000,270921000
0.416406849,4573477420,0,7.630776318,35.7369,0.020040518,-101975000,-221616000
0.425245977,10221004528,0,11.03063256,30.94344,0.019596901,-494953000,-120772000
0.433339924,6471590807,0,11.93569746,40.84051,0.025671598,-996128000,-78048000
0.445390148,9540460257,0,9.412072776,32.37704,0.002897011,-23586000,-56544000
0.446022128,7254858742,0,10.43001113,38.80918,-0.025736487,-1368050000,281483000
1.131478044,13328821314,0.021446795,8.810485138,11.70217,1.326344324,-345098000,-47167000
2.629179053,7683823377,0.046807238,9.978434006,13.4886,-0.043523797,99948000,-27210000
2.509124439,8868890664,0.042994259,10.7594505,10.69699,0.058107468,160438000,-988111000
2.66635563,5766053198,0.046350168,13.61211545,7.17992,0.099335898,248642000,-23212000
2.984312337,5606769960,0.050277395,6.313879356,5.97823,-0.114182773,246634000,5070000
2.603186824,7180488346,0.040773472,10.7327846,12.69764,-0.098473433,2549000,9954000
2.322784279,8932603959,0.040185273,11.77852879,14.56289,0.127221424,-52549000,21792000
2.517662337,5371030769,0.001813059,23.71771118,26.20016,0.162354991,-461081000,40265000
2.956539682,5288203485,0.000430418,14.81820349,34.57414,0.00800515,-457531000,56644000
2.977412591,5880737129,0,17.1672715,34.1729,0.232722104,-663282000,33134000
3.961436574,95640828459,0.171410911,7.409785158,2.84797,0.117097239,-4691200000,3157500000
5.069526805,36331199154,0.390683633,3.047314689,2.46506,-0.006166017,10474796000,1805512000
4.941194451,22825701512,0.486136639,1.872488419,1.58402,-0.048923954,12620299000,592202000
5.217151937,7997110678,0.665300824,1.555641708,1.49385,0.004984018,16340022000,322672000
5.246784274,10033275390,0.679314686,1.133959484,1.1131,-0.003008682,16779450000,488709000
5.213886566,10726751777,0.636193124,1.201166814,1.66092,-0.384253317,15351054000,536341000
3.114689868,21158407220,0.62111677,0.818710617,1.52793,0.116669625,23612498000,1021696000
3.071259976,11656305233,0.405219747,0.890614174,1.12588,0.070966597,16446275000,1315926000
3.1674572,12335026803,0.361644163,0.800630833,0.79757,0.046532648,14221738000,1275548000
3.212505789,13825263295,0.32679433,0.963543516,0.9842,-0.028610182,12457880000,2243921910
0.498631704,844053210,3.687563224,0.494303697,0.15407,0.050811809,4024495000,-260326000
0.332678543,1373915270,2.014305407,0.876486717,0.3241,0.1895676,3371923000,-89876000
0.298804462,1246344190,1.458155782,1.144545405,0.4646,0.109754523,2657119000,44177000
0.296195512,1075828390,1.368954015,0.915330777,0.31301,0.155590317,2482299000,-232892000
0.267600876,1865884930,0.974507993,1.738523566,0.78049,0.211473059,1643339000,-63282000
0.258430412,3183277370,0.557399341,3.657973242,2.15453,0.341618442,400953000,-104684000
0.249233049,8643887980,0.013247082,3,1.31195,0.046153585,-648596000,-36017000
0.250148674,5563551630,0.014219247,0.97844277,2.97579,-0.165817331,-1251933000,154691000
0.232588865,8664728800,0.036661327,0.949822836,1.23839,0.554079213,-1282075000,293069000
0.701213015,5710117175,0.366252214,0.715346747,0.16587,0.074484896,91839000,118119000
7.849886161,14596950634,1.246139467,2.247676529,0.38332,-0.169954741,1761600000,1192900000
103.7038641,3643575921,24.48246118,0.100581962,0.35484,-0.37921701,4058500000,1026000000
-17.09557499,4313658849,24.48246118,-0.275217225,0.21329,-0.142090253,7124100000,1508700000
384.7965531,1661247259,231.0769231,-0.499907311,0.21112,-0.44150026,9864700000,-264700000
51.43809966,1116804880,50.30734076,-0.380792383,0.15856,-0.134344445,16092300000,-3757700000
3.687692732,2953991565,4.587131916,0.165641383,0.15483,-0.05704309,21411200000,-3534900000
1.716351867,9339280809,2.308235563,0.720803184,0.26597,0.068893932,23147500000,-981400000
1.202416968,3783176531,1.511794831,0.806830699,0.32429,0.074808493,21170700000,-1180400000
1.039300458,6686869219,1.160225076,0.938186114,0.45359,0.017252491,18804400000,-476000000
1.006436973,9171760077,1.091425282,1.052760213,0.75983,0.272167996,16501600000,-279800000
0.913852681,1668700000,0.083822812,3.585660299,2.09704,0.273742896,-481172000,120565000
1.123973863,1121350000,0.034318974,3.215707999,1.12685,0.016172498,-190909000,76602000
1.159307222,1359150000,0.051806139,3.646190696,1.22039,0.326398217,-133822000,48617000
1.429358258,1047550000,0.096045291,4.584671379,4.13295,0.075576548,-14381000,-347000
1.604536293,795400000,0.103445235,3.451043224,4.15684,0.068264307,-91374000,-5427000
1.622259934,828200000,0.033280531,5.141213497,4.07798,-0.084256673,-23287000,48676000
1.607159857,1234100000,0.077864134,4.080683389,2.64495,-0.052368683,-59705000,27228000
1.626371706,838450000,0.103412864,3.264826823,2.40359,0.086067923,6887000,43626000
1.830113716,2064350000,0.131566036,3.076711467,1.78303,-0.689728118,79888000,88765000
0.886356932,610900000,0.405583777,1.927542531,0.47454,0.029973436,664818000,284071000
2.834629218,15611570756,0.932932112,3.589296715,2.937,0.022737454,6764600000,1994700000
3.16725269,10994988519,1.067354298,2.291503848,1.74242,-0.048912956,7712900000,1229297000
3.451811777,9965927144,1.222385002,2.119265109,1.60007,0.064036241,8302794000,1147244000
3.68669793,5005141619,1.168831501,1.659532227,1.43819,-0.037832641,7329948000,936419000
3.836275013,4185441006,1.515914287,1.582778232,1.62425,0.04886873,9276753000,1023855000
4.009302631,5828390719,1.412100546,1.970101837,2.39282,0.223775532,8411727000,1247453000
4.353068434,11514841938,0.91544126,2.203401935,1.33265,0.084440517,5117134000,1355884000
4.854028793,4998044644,0.88212579,1.849379855,0.55656,0.122808934,4305963000,1050553000
5.674772956,6351792625,0.77301148,1.830982833,0.68427,0.072702538,3236486000,805886000
5.894260136,3360417663,0.644793145,1.647476485,0.4864,0.083083512,2607509000,428602000
-0.671487827,17529217015,3.491312493,-0.620317093,0.66206,-0.013591368,63102517000,-7729669000
-3.299350611,4709341885,3.491312493,-0.504244302,0.7554,0.005690461,67726423000,-338978000
1.406787611,9287868717,3.491312493,-0.205504606,0.85126,0.032988979,65421257000,-368642000
0.928199676,4970971989,1.324137586,-0.074182973,0.92508,0.000109453,38501952000,-1050572000
0.61095373,2616301047,0.83665671,0.069291315,0.98575,-0.046351433,37764198000,-4764987000
0.45156949,5363417146,0.569720107,0.293587339,1.08578,0.019197023,34485261510,-2037241120
0.390589106,25116490051,0.441623333,0.718677976,1.14937,-0.055547648,31437610510,-585533190
0.305876558,10465204188,0.315837975,0.788045606,1.18297,0.047393708,10184815000,-2297473970
0.306488139,17398401963,0.411514872,0.536972084,1.17449,0.047884434,36712663450,-3971912870
0.290450662,43430597380,0.410176362,0.957133031,1.25764,-0.063596964,38706537380,8580290840
5.32719049,34734892340,0.016796773,20.59174731,3.78875,0.247158273,-2046048000,6165435000
7.443120622,29060400865,0.003218907,6.584588399,2.60356,0.202780471,-3213646000,2490663000
7.092522778,10805186164,0.179657052,4.831309945,0.65861,0.042567302,1273072000,1322223000
9.712003471,1523578436,0.814981038,0.907316688,0.92066,-0.175303826,3897536000,-499263180
7.810435334,1604803134,0.854093067,1.126501914,1.65695,-0.214469634,5168497610,-547856390
6.524627308,3349903475,0.887359324,1.529927821,1.5051,-0.050541784,6203556700,686166440
5.471211697,8679403208,0.814478525,2.392388552,2.8912,-0.02390742,6781902410,1924404530
5.095244216,3417946625,0.91868587,2.122218752,1.6908,0.143590891,7285511790,2071956600
5.460955202,4421687701,0.775439457,2.148867786,1.47998,0.076378242,5682162740,2000678090
6.568502408,3912058384,0.802037461,1.955901266,1.09499,0.250636236,5701790870,1279823980
5.219228765,84216949295,0.468386401,2.515830499,0.21899,0.374527153,6724500000,-1848300000
5.39972818,56253816621,0.148468754,2.464881334,0.34664,0.188740272,186666000,-1101336000
5.441913798,37479228876,0.160086487,3.668140449,0.61442,0.173708292,734925000,-810054000
5.960400355,18738573384,0.15019488,2.537014874,0.58656,0.018181068,1233156000,-1000358000
5.712660399,20543695200,0.139506299,1.719803866,0.83409,-0.150955931,1255055000,-525151000
5.035198061,20032364113,0.118290073,2.14105057,0.83084,-0.001462918,-400124000,241881000
4.659435287,23570357789,0.222741391,2.688662241,1.52181,0.038705768,1397456000,542455000
4.892308661,14596925168,0.383408786,2.157484014,1.16896,-0.041019659,4279930000,457102000
5.100113554,19419870108,0.481260308,2.038060143,1.19947,0.173790417,4636385000,814433000
5.388177759,19334564750,0.335372273,2.962522944,1.68644,-0.251730157,4687110000,4265842000
1.746632526,415145555,0.079446252,4.863701012,0.69455,0.014745385,-23626000,12463000
1.888350362,376346905,0.072708685,3.784619407,0.64318,0.065391953,-27902000,9701000
1.957185246,450064340,0.004863337,4.939908518,0.76177,0.010401615,-49016000,-9035000
2.210154546,271590550,0.015728043,2.430814818,0.60556,0.010238481,-26593530,5492510
2.264475313,128035545,0.055676715,2.147448683,0.81126,0.137041689,-32560940,8254130
2.340675471,178473790,0.059139324,3.323209617,1.05444,-0.007680348,-17975240,8052590
2.408873587,298749605,0.077502271,3.703287046,1.17984,0.00468068,-13578000,11383330
2.500337758,310389200,0.006192171,4.086759569,1.25367,-0.006413496,-42902170,11145270
2.5965266,616898535,0.011042314,4.217695929,0.7455,-0.30383217,-26219130,9938960
2.720973717,186233520,0.007360128,1.625343807,0.48032,-0.325594638,-18113840,10500680
6.93193203,4.01039E+11,0.490524599,4.35017964,1.16059,0.096317225,26056409000,19144239000
7.798522197,2.54036E+11,0.508281389,2.484647778,0.86605,0.227035866,26499585000,13930306000
9.913095752,1.69636E+11,0.604951901,2.327176288,1.49524,0.258380785,15700714000,6199031000
11.95462299,1.3305E+11,0.806276244,1.772841839,0.61138,0.086580701,34546324000,3720777000
14.55053607,1.27736E+11,1.116881103,1.714969502,0.47762,0.036358566,39044112000,7667144000
16.14051647,86384015224,1.221525435,1.683690966,0.51977,0.190478364,37808034000,8081096000
19.64476718,95991681280,1.285630372,1.599710852,0.4347,0.212503366,32965772000,5862476000
26.05122036,57423050161,1.68625115,1.472507131,0.39903,-0.060498944,35516098000,6637758000
27.17890175,51358357616,1.918548846,1.302452232,0.57602,0.116891966,37071828000,6151306000
31.18439904,54129428980,1.989395945,1.387756157,0.46205,-0.012046894,32845549000,5938993450
2.79607565,7129908300,0.226510922,3.241122244,0.70618,0.244307593,-345334000,386307000
3.007120481,5745913550,0.00744833,3.627070847,1.05176,0.078853182,-1502811000,508711000
3.364137326,8722165990,0.009723668,4.939908518,1.18657,0.114213451,-1296492000,594362000
3.909632004,3506251140,0.012792056,2.430814818,1.11593,0.017389197,-1392471000,657409440
4.917015548,2842818630,0.017649808,2.147448683,0.80546,0.036531059,-871863050,467580740
5.75619395,3348726480,0.00255975,3.323209617,0.72195,0.118596917,-823676890,502938530
7.001085382,4929577890,0.014876855,3.703287046,0.73358,-0.013771225,-655605550,338797050
8.373371709,825972000,0.026321283,4.086759569,0.75382,0.015507613,-981004580,345462740
9.770578923,530982000,0.50379347,4.217695929,0.76,0.425871431,-854411200,274498340
11.74018447,363821000,0.045561426,1.625343807,0.62905,0.098070354,-427433450,66671810
1.1832984,4782512422,0,5.759107549,2.49919,0.179589216,-1371348000,99932000
1.359670458,3144078455,0,4.651598796,2.26499,0.082961484,-808736000,22190000
1.419997952,3098072651,0,7.862445881,6.96924,0.05381751,-1036453000,244504000
1.574426779,1829776288,0,3.911616316,5.03237,0.162435813,-2189334000,-285524000
1.799054998,1635297208,0.000938146,3.815546021,7.9843,-0.030004312,-2442207000,188391000
1.745517586,2789688121,0,8.776606346,13.10273,0.092710408,-2437930000,395231000
1.9343738,3741310705,0,8.226621392,9.82549,0.048737053,-2044356000,294102000
2.09090757,2571336364,0.000155644,6.628706084,6.40859,0.056591906,-1528366000,283520000
2.296526067,2605685064,0.000407382,5.258506516,5.04719,0.06107514,-1681077000,307087000
2.306667088,869513015.1,0.000126283,2.715642356,2.67994,0.150817449,-1394781000,58151000
0.465243221,1454664453,0.352056247,1.348902781,0.71545,-0.045289141,1461671000,-378222000
0.441283084,1084004761,0.310384966,1.281096218,0.72006,-0.182257433,1647672000,-235824000
0.432997177,1650484668,0.329829485,1.038230308,0.45698,-0.053589614,1839068000,22908000
0.431106737,786777648.7,0.338314185,0.880476162,0.41507,-0.008049411,1895098000,17209000
0.427311359,419614746,0.339315709,0.868569381,0.42318,-0.042949982,1913834000,-24263000
0.423899591,618931750.4,0.356705729,0.855751147,0.43472,-0.015928278,2015083000,-43079000
0.410697126,1042043286,0.435108249,0.89824627,0.46776,0.017193529,2546493000,-69327000
0.380255171,692364330.9,0.441188641,0.985468485,0.52385,-0.006348113,2685630000,-109518000
0.368961708,468569799.7,0.418472755,1.028198036,0.59985,-0.015747111,2667847000,-202438000
0.365237158,580467065.3,0.403987279,1.104913489,0.6654,-0.014391881,2696775000,-196072000
2.723895861,65266443879,0.120011842,1.743867731,0.20556,0.091616825,1158367000,1077506000
3.016383851,48303777070,0.245858035,1.3892803,0.19829,0.320021993,5428289000,568825000
3.011965828,71963886486,0.28201757,2.585463567,0.39649,0.358416417,6957303000,900203000
3.031617347,50930095298,0.248137533,3.585186008,1.33634,-0.029909925,5604759000,1260011000
3.057148275,60919976040,0.334952412,2.913261818,1.03771,0.062598988,7662998000,1656379000
2.964684107,50610526598,0.223951687,5.73086556,1.00039,0.074022298,5033463000,3805879000
2.912478512,61166997037,0.215954654,5.652360566,0.77582,-0.006057954,4609728000,3708414000
3.999434641,13638480436,0.525662379,2.342589272,0.25789,-0.118554015,8298730000,3514993000
4.492013828,14730944128,0.771961379,1.213555522,0.26295,-0.046037668,10739779000,219465000
4.583882704,17589609925,0.67950661,1.340530936,0.45545,0.533163822,9081298000,1342655480
7.821410608,93489557302,0.771549684,1.343494671,0.17936,0.088038339,8502960000,1988070000
7.884996659,54640695913,0.86645734,0.868376088,0.18247,0.090653777,18821400000,3195510000
8.118522002,84929719069,1.155320063,1.098847843,0.2654,0.002340344,26601750000,4718990000
8.612969718,39327832946,1.339853841,0.999718174,0.25761,0.045653713,22756420000,6099820000
8.090845841,38062200000,1.287915726,1.052489476,0.3271,0.024667823,30636730000,10472970000
8.824359706,43183316871,1.171963699,1.146220657,0.32875,0.190840809,24479820000,6150460000
7.159783333,58709583007,0.842826771,1.496836662,0.52228,0.014817996,22286080000,4692470000
7.597329003,23652428426,0.857471683,1.27086956,0.48832,0.102161084,21250480000,3597420000
7.92957087,30434121434,0.869414261,1.28153901,0.55739,0.119969286,21163620000,3855500000
8.103923783,47281493956,0.798482407,1.969373023,0.57661,0.307646875,19009830000,5450450000
2.816039544,4629395233,2.339044239,1.454283832,0.60577,-0.004283597,3304577000,313178000
2.870053747,3410753194,2.550992957,0.747234288,0.53058,0.285110806,3288816000,25301000
3.465208302,2871339851,2.958079085,0.804089903,1.48808,-0.048603573,2944631000,-932000
2.866864801,1030400000,2.539625374,0.580808858,2.22493,0.458522452,2972643000,73236000
2.979876072,917000000,1.41466556,0.740112128,1.263,0.128224994,1720397000,158557000
3.178815592,1372000000,1.381092647,1.401593586,9.45074,0.16468803,1184495000,153590000
3.478162679,3192000000,1.235311005,1.595557125,0.67793,0.025953566,1257900000,136700000
3.801171303,2270800000,1.387575821,1.980884773,10.19976,0.064101999,1162300000,142600000
4.270567501,631400000,1.481964517,1.257725164,6.96271,0.470132323,1175200000,83322000
4.67527456,333200000,0.745053549,1.540806235,7.94535,0.04244464,566043000,73453000
0.869356382,6358778054,0.747649065,0.720959763,0.33273,0.090068096,2422600000,-531600000
0.802914217,3422222731,0.739759663,0.338353265,0.33369,-0.042064841,9057581000,872442000
0.807276601,4840572215,0.527139711,0.43854376,0.35664,0.062218585,-93524000,-619855000
0.737152608,1203778665,0.538596953,0.341238887,0.41965,-0.037332088,7031826000,-187070000
0.679208876,1069217304,0.464093891,0.354945968,0.31694,-0.027005951,6687492000,748760000
0.649526998,3018538647,0.563263867,0.552271599,0.49268,-0.031270616,8344810000,1632639000
0.641720301,9433842469,0.622471107,0.570487314,0.48216,-0.010755705,9845289000,370591000
0.630464296,6437124584,1.093049968,0.78110984,0.4165,0.051755569,17924831000,3725066000
0.615890085,8030040158,0.970661528,0.775688354,0.33085,0.075030363,15971771000,3493680000
0.62040593,7935483526,0.87917205,0.83769264,0.37986,-0.110400153,14477273000,3265894000
-0.542973087,4678197578,19.46522728,-0.653618949,0.10903,-0.079374123,33337478000,-1510838000
-1.976201106,4155980173,19.46522728,-0.324528848,0.10815,-0.118855831,34563657000,-1083087000
3.312186977,10096203144,19.46522728,-0.177766562,0.14416,-0.028427159,34168966000,-251967000
0.985896352,2175905850,5.84331258,0.009864976,0.12726,-0.165023543,35392857000,298205000
0.635373376,979157632.5,4.516403371,0.06133091,0.13253,0.154646909,42220390000,-802016000
0.276591502,3198581600,2.050379982,0.499215177,0.52409,0.054532335,44305503000,-511716000
0.241242287,13164230393,1.587390476,0.692543411,0.77947,0.065280523,39261831000,451620000
0.227624188,5635596152,1.198942583,0.753902082,0.73257,0.008718716,31166690000,680984000
0.224483809,11205915128,1.121076068,1.076822458,1.20294,-0.08944576,28040715000,3192754000
0.215427016,7311043656,1.129655314,0.982875086,1.01238,0.095480768,30508335000,1960193000
2.690072597,47154715097,0.111341936,2.155451344,0.24835,-0.101427138,1522600000,-4394300000
2.019141169,43881209344,0.073308039,0.303076206,0.50004,-0.160415073,839500000,-7421700000
1.824941085,71436638436,0.389157233,0.900248305,0.40872,-0.114878029,11386386000,-124568000
1.777334829,37116482126,0.351268624,0.73771822,0.39332,-0.22415221,10250868000,1635897000
1.746480845,29712284297,0.769289872,0.394010009,0.49185,-0.302940714,23606774000,-2192282000
1.563794155,39411991273,1.384142572,0.700704533,0.26321,-0.193632319,47953512000,8460765000
1.627212141,1.05995E+11,1.652675462,0.384086604,0.29153,-0.044557032,34189918000,2217638000
10.86512278,36099834154,17.39872845,0.593343337,0.16719,0.159703025,89685539000,6399771000
1.398759831,29524291409,2.229410333,0.931741205,1.01423,0.07121194,73981336000,8941626000
1.859563804,29280966217,2.901032607,0.816471216,0.84872,0.255780586,83852456000,5547218650
5.302058543,44323276313,1.765837909,0.96100539,0.2032,0.166226433,22859800000,4347600000
5.020936495,21782198659,1.481610856,0.62369048,0.16216,0.166031386,25864400000,2130300000
4.884991626,32975663838,1.286401967,0.822032303,0.13628,0.023123678,23268900000,1965900000
5.261394431,19968003561,1.495529993,0.718243685,0.12408,0.043329558,26618700000,2638900000
5.212240249,13576819524,1.407921206,0.780309404,0.10876,-0.074999198,25878400000,4282600000
5.372530497,17193352235,1.559316009,0.864192787,0.09103,0.285988585,27460000000,4277900000
4.17185839,39639570015,0.994003769,1.371492325,0.24809,0.085060865,22465100000,2931100000
4.211267847,10363441278,0.87359693,1.352305469,0.25444,0.128597343,19725300000,3934900000
4.368814845,14964145187,0.951229126,1.572154062,0.78089,0.073552983,18857600000,3248000000
4.443016821,20134008341,0.790250641,1.742085491,0.72217,0.090049694,15564700000,3710900000
5.39609539,1.79807E+12,0.122591192,7.882538432,0.76852,0.117460323,-32062100000,19756500000
5.64715374,9.28242E+11,0.088464139,4.104773628,0.53823,0.0271334,8304001000,16524173000
5.852969008,9.66485E+11,0.115004951,4.303723147,0.35747,-0.042077894,32308785000,16443379000
6.021608635,5.76376E+11,0.194817708,2.916881557,0.40435,-0.042287704,48448844000,13920954000
6.050467376,5.71549E+11,0.242108155,1.53843805,0.39132,-0.14483437,57100227000,10420517000
4.577963545,3.16834E+11,0.512931322,1.42178584,0.45547,0.068089562,1.24549E+11,22095186000
4.344107924,4.62695E+11,0.495343413,1.603903134,0.56783,-0.020793521,1.43803E+11,22621750000
6.241849768,1.98737E+11,1.188394543,1.277139545,0.70923,0.036549995,2.52406E+11,33361247000
6.368501979,2.06843E+11,1.049635881,1.18157478,0.63059,0.037365959,2.20046E+11,38354177000
6.312049708,2.44837E+11,0.956439834,1.200199601,0.48599,-0.077445257,2.04558E+11,25600272000
0.018288623,2038217140,0.189603169,1.507004274,0.5119,-0.020762135,22365523000,3950213000
0.017697103,2298919400,0.212989423,1.480576653,0.41067,0.012926263,24621379000,3976581000
0.017910888,2630722122,0.231342997,1.764792733,0.54347,0.036236716,26099288000,6073084000
0.018013961,3436528898,0.276917386,1.841687672,0.77976,0.000918547,30436923000,7728094000
0.018562858,1422011958,0.30487181,1.886838062,0.79475,0.043835293,30922556000,7906141000
0.019007665,11940304832,0.33255451,1.676593671,0.64013,-0.024758033,32705013000,8150303000
0.019330478,28448961282,0.38706839,1.627847978,0.74501,0.003140719,37963996000,11895113000
0.019399904,25996838761,0.397332063,1.757517573,0.89168,0.068811585,38582109000,14250894000
0.019799142,32640410509,0.455336738,2.314196309,0.82047,0.342823767,40901047000,15790863000
0.022265466,28576071845,0.582392916,3.179783156,2.92493,0.301979922,33393856000,12170353000
3.659784056,13699250446,1.656043796,0.149630701,0.15984,0.019325617,-32600000,-3975200000
1.957270561,13452334717,1.214148139,0.114059808,0.16279,0.137783476,8042100000,-3686500000
1.412125683,13873005959,0.842211798,0.289960649,0.15105,0.079311088,9203400000,-934300000
1.251514519,15080149523,0.977027614,0.3206567,0.15386,0.046754611,12667900000,-1671000000
1.072871844,28358728727,0.925901515,0.657651211,0.14876,-0.019611269,14705600000,1183600000
1.010118184,39094990425,0.976298961,0.77040704,0.15755,0.323839705,16137600000,1191400000
0.800254178,42158565250,0.74342013,1.375128651,0.45669,-0.023772783,15426270000,2512920000
0.829802735,28971445536,0.632448703,1.23968263,0.52197,0.079563238,12531140000,2747530000
0.865843588,24801313224,0.53582728,1.188444596,0.50539,0.062918762,9566060000,2317010000
0.894648157,22844277446,0.455054622,1.298670842,0.48599,0.124401055,7576290000,2195500000
8.338562935,2.07089E+11,1.498928544,1.734640864,0.30653,0.09212751,35349400000,8922600000
9.361680704,1.0727E+11,1.428177417,1.053836315,0.26263,0.080478705,31003800000,7913700000
10.21322592,1.12819E+11,1.686016502,1.103683498,0.27932,0.096776504,35018400000,6886000000
11.60952012,51884024665,2.13183766,0.661471914,0.2112,0.127163066,43652200000,3835100000
11.80367559,44644353504,2.013931692,0.715001495,0.16354,0.135287865,42621700000,5787600000
12.39330947,29675169905,1.744938693,1.003994605,0.16792,0.380726092,35151300000,7170100000
11.57440423,42870306196,1.482142701,1.118109369,0.32885,0.231400769,30574700000,4833900000
13.22676754,17056762099,1.520027612,1.157561516,0.18156,0.059056654,24371200000,5313300000
14.51371387,17380478998,1.598832105,1.099293128,0.17378,0.394344325,21227400000,4568600000
16.37845741,17247444521,1.225932232,1.106984319,0.1509,0.286863078,15804100000,2845400000
4.523045936,37135754237,1.521630128,1.113525719,0.20785,0.174403285,6094000000,369100000
3.166398205,21186229009,0.535778696,1.408590654,0.21018,0.061070125,1935300000,1777100000
3.458578741,22995133943,0.563489664,1.260467286,0.14842,0.017655608,3797800000,1779700000
3.711495436,18545075796,0.758557813,0.955374279,0.10606,0.041079477,5649700000,523100000
3.656528946,18904447559,0.590428412,1.234437751,0.11034,0.032347553,4326100000,2195600000
3.9386876,18074274306,0.960566096,1.385062437,0.10214,0.360494882,7626100000,2352500000
3.363606701,27728031500,0.701000224,2.55348575,0.41056,-0.071215481,6114300000,2975100000
3.77646166,6304472429,0.869109709,1.684077,0.22093,0.034018674,6914700000,2232200000
4.229357106,11684490968,1.011234663,1.584625724,0.27859,0.12182614,7311700000,1832400000
3.892953024,13904695801,0.677097916,2.298050255,0.23931,0.322411491,5272300000,1947900000
8.348108835,5.59791E+11,1.068729478,2.28660012,0.43487,0.546608787,47388600000,-1742400000
9.005205415,3.40493E+11,0.694151681,1.763529413,0.55866,0.297791004,33609100000,2356500000
9.616074581,5.20337E+11,0.598962122,3.685857754,1.16097,0.095761482,4997900000,1983900000
9.133078063,3.61018E+11,0.545995007,3.405137189,1.21637,0.6102496,1502800000,-2218200000
15.385758,2.49075E+11,0.668656493,3.057765494,1.04769,0.246815047,1544600000,3584600000
27.58080746,1.49678E+11,1.423987752,2.400616442,0.63255,-0.021655321,21220400000,1639800000
53.66049699,1.49922E+11,3.059203569,1.310520177,0.38649,0.002909842,28319800000,-1949600000
57.61425799,65601560252,3.547950334,0.960309212,0.27217,0.253769119,35133100000,2381900000
35.64735375,67086704895,1.766446436,1.46063419,0.44806,0.000509497,26503500000,1224500000
37.3773735,51342258715,1.958286986,1.677187052,0.4855,0.069694081,25075700000,2472300000
1.709700282,93091466982,0.403796287,2.517802995,0.74717,0.084682626,10956438000,1298697000
2.765720002,32033804934,1.247549117,-0.032021513,0.61909,-0.035670815,24810529000,-7103344000
2.48041367,11335859241,1.725245281,0.422548441,0.70271,0.193595974,31043770000,405994000
3.506480968,3466437644,2.209285421,-0.039657751,0.66486,0.088434949,28155140000,-605792000
2.939601135,2663683663,1.375072181,-0.04371482,0.62617,-0.034331292,20661652000,-576704000
2.091270233,6884223531,0.935349161,0.160769642,0.67146,0.050649586,19881046000,-863390000
1.871232673,14084683478,0.692791587,0.270037173,0.49715,0.020651264,16118892000,-1728818000
1.688327278,8793804969,0.558432508,0.416758243,0.65742,0.086020785,15311207000,-844599000
1.628532944,13671143548,0.441419363,0.52914867,0.69031,0.146202469,12411372170,-726135750
1.631753606,17015951801,0.26898996,0.635174511,0.40308,-0.050597183,7538517160,21012120
6.63081784,4.72576E+11,1.192155056,1.532906659,0.37662,0.32626719,81133000000,17819000000
7.50422589,1.85819E+11,0.944322477,1.13413781,0.42132,0.201641697,78017000000,18560000000
8.230917745,1.90309E+11,0.815011105,1.36072927,0.48255,0.200079627,52931000000,13654000000
9.355475857,1.06669E+11,0.612080386,1.252002012,0.43103,-0.14789934,25357000000,17488000000
13.21550361,1.26881E+11,1.92265214,0.719712089,0.2095,0.037403043,95043000000,21359000000
16.56828183,82462500000,2.007973312,0.629050025,0.19296,0.512692656,78269000000,12735000000
14.79652207,1.19306E+11,1.56686458,1.095899967,0.31962,0.120484774,70512000000,10292000000
15.86198695,63750000000,1.300036242,1.095829825,0.30058,0.030040516,54020000000,8557000000
16.8509517,72562500000,1.293163607,1.143227931,0.3452,0.120221894,47364000000,10018000000
18.40096575,89793750000,0.93010101,1.260383368,0.31671,0.570649638,27893000000,8541600000
4.895116059,5.24805E+11,0.180232956,7.552041483,1.02228,0.054100583,12042201000,24168845000
5.55031438,3.15587E+11,0.323017789,4.781773863,1.15188,0.187066015,31809639000,21002801000
6.506249355,3.13352E+11,0.274138532,5.468120506,1.31903,0.301731062,17211902000,11707679000
7.233319366,2.12126E+11,0.163707695,6.313556671,0.96767,0.074164748,13010658000,9882792000
7.853308536,1.92946E+11,0.176006379,4.452310015,0.60304,0.008781288,13258062000,10325420000
8.316838652,1.60294E+11,0.104129069,5.788264896,1.22281,0.087922445,687700000,11395867000
10.38936728,1.63417E+11,0.278062769,3.807616025,0.37207,0.204968577,15747522000,6528522000
11.04758285,1.00247E+11,0.151702543,4.214131695,0.7392,0.133851253,3631080000,5456229000
11.7243246,91136884913,0.088641723,3.911884069,0.66253,0.085614174,1384264000,6518151000
12.90469711,91970960012,0.166233953,4.22338666,0.7261,0.256339105,5992937000,4735084000
-11.70654526,4132552679,33,0.311134298,0.84172,0.151886998,13867100000,-1107100000
4.790607594,3031295509,18.20692819,0.610783287,0.8814,0.057142704,15639300000,-304200000
3.276676369,3574355316,11.9770124,0.479065361,0.5843,-0.051256094,15038000000,403800000
3.712517012,1389959728,14.86260995,0.50655515,0.64642,-0.338249624,15904850000,1148047000
4.388730191,1292173616,25.79419334,0.725615884,0.86616,-0.12361228,24382516000,1096353000
2.097093703,4086062516,17.3922335,0.392457506,0.50656,0.238846759,25175574000,1426086000
2.140717878,6663834006,14.06931338,0.604018524,0.60557,0.276842593,19900590000,1018711000
10.12115752,1493136188,58.72677554,0.502109442,0.70696,0.260201598,15288131000,678146000
19.219282,998663911.2,85.36322523,0.559700389,0.73164,0.142532013,11634468000,441616000
5.889457939,767829187.2,17.4281237,0.55743076,0.63288,0.283510995,7743513000,400285870
1.753907837,353897943.2,5.852571224,-0.31618311,0.33201,-0.375449565,1123250000,35541000
1.197497061,304985219.3,7.613735802,0.092066816,0.57886,-0.075028487,1677994000,341043000
0.93968315,540917181.4,6.611087468,0.016117165,0.67003,-0.117888902,2114367000,44595000
0.355189751,1101974896,1.759243762,-0.725112201,0.60262,-0.159422406,1767948000,-211152000
0.228502691,1519171658,1.303381778,-0.354075319,0.62499,0.193509072,2022517000,36166000
0.214345296,3425324449,0.858533126,-0.166207619,0.55598,-0.113544366,1230259000,171592000
0.214900611,7939885185,1.32819804,0.785071345,0.60855,-0.185838951,2002662000,-28256000
0.198250443,2001175303,1.773092102,0.353219859,0.6183,0.006148678,3361672000,-112337000
0.19114388,1999693154,1.923503964,0.105161993,0.43009,-0.252009552,3831939000,-9677000
0.418001529,614398466,9.766463851,-0.276200949,0.4033,-0.304161974,8887968000,-110346000
0.952654652,5180867878,0.828220636,1.067612822,0.57248,-0.02076549,3008219000,309666000
0.958314597,4761209950,0.821131108,0.566871672,0.43675,-0.031904143,3491529000,544190000
1.017449329,5554744941,0.94590739,0.499699706,0.67089,0.010957649,3762290000,377157000
1.020734191,3044427516,0.954955418,0.328784239,0.48172,0.007940419,4046063000,170194000
0.988120339,2876564345,0.833489723,0.326226706,0.39939,0.124715711,3863179000,456544000
0.982811361,4456004184,0.708469485,0.607209551,0.37702,0.08721529,3213673000,578771000
0.93774738,10933996567,0.650928107,0.804530857,1.11379,0.04820943,3202757000,361198000
0.919644642,5264799464,0.610344541,1.307398451,1.56526,0.063809955,2781129000,-4914000
0.907296944,4837511391,0.52628842,1.382877889,2.25539,0.142541171,2019418000,98411000
0.982115694,3929524237,0.484245309,0.775476535,1.7562,0.051209814,2277880000,5701000
